{
  "updateBookingPut" : {
    "transaction" : "updateBookingPut",
    "sampleCount" : 50,
    "errorCount" : 0,
    "errorPct" : 0.0,
    "meanResTime" : 260.90000000000003,
    "medianResTime" : 258.0,
    "minResTime" : 247.0,
    "maxResTime" : 276.0,
    "pct1ResTime" : 274.0,
    "pct2ResTime" : 275.0,
    "pct3ResTime" : 276.0,
    "throughput" : 143.67816091954023,
    "receivedKBytesPerSec" : 128.95114942528735,
    "sentKBytesPerSec" : 70.7165948275862
  },
  "getBookingAfterPatch" : {
    "transaction" : "getBookingAfterPatch",
    "sampleCount" : 50,
    "errorCount" : 0,
    "errorPct" : 0.0,
    "meanResTime" : 258.86,
    "medianResTime" : 256.0,
    "minResTime" : 247.0,
    "maxResTime" : 275.0,
    "pct1ResTime" : 271.0,
    "pct2ResTime" : 273.0,
    "pct3ResTime" : 275.0,
    "throughput" : 125.0,
    "receivedKBytesPerSec" : 113.6474609375,
    "sentKBytesPerSec" : 24.658203125
  },
  "auth" : {
    "transaction" : "auth",
    "sampleCount" : 50,
    "errorCount" : 0,
    "errorPct" : 0.0,
    "meanResTime" : 1947.84,
    "medianResTime" : 1971.0,
    "minResTime" : 1463.0,
    "maxResTime" : 2302.0,
    "pct1ResTime" : 2264.9,
    "pct2ResTime" : 2284.0499999999997,
    "pct3ResTime" : 2302.0,
    "throughput" : 21.682567215958368,
    "receivedKBytesPerSec" : 16.346622940156113,
    "sentKBytesPerSec" : 5.357118657849089
  },
  "Total" : {
    "transaction" : "Total",
    "sampleCount" : 300,
    "errorCount" : 0,
    "errorPct" : 0.0,
    "meanResTime" : 543.8733333333331,
    "medianResTime" : 264.0,
    "minResTime" : 246.0,
    "maxResTime" : 2302.0,
    "pct1ResTime" : 1881.400000000001,
    "pct2ResTime" : 2173.5,
    "pct3ResTime" : 2270.94,
    "throughput" : 80.64516129032258,
    "receivedKBytesPerSec" : 70.9981938844086,
    "sentKBytesPerSec" : 25.844779065860212
  },
  "getBooking" : {
    "transaction" : "getBooking",
    "sampleCount" : 50,
    "errorCount" : 0,
    "errorPct" : 0.0,
    "meanResTime" : 260.58000000000004,
    "medianResTime" : 258.0,
    "minResTime" : 248.0,
    "maxResTime" : 279.0,
    "pct1ResTime" : 273.9,
    "pct2ResTime" : 276.34999999999997,
    "pct3ResTime" : 279.0,
    "throughput" : 152.9051987767584,
    "receivedKBytesPerSec" : 136.4798356269113,
    "sentKBytesPerSec" : 30.16293960244648
  },
  "updateBookingPatch" : {
    "transaction" : "updateBookingPatch",
    "sampleCount" : 50,
    "errorCount" : 0,
    "errorPct" : 0.0,
    "meanResTime" : 259.23999999999995,
    "medianResTime" : 257.0,
    "minResTime" : 246.0,
    "maxResTime" : 276.0,
    "pct1ResTime" : 271.0,
    "pct2ResTime" : 272.45,
    "pct3ResTime" : 276.0,
    "throughput" : 133.33333333333334,
    "receivedKBytesPerSec" : 121.22395833333333,
    "sentKBytesPerSec" : 44.010416666666664
  },
  "createBooking" : {
    "transaction" : "createBooking",
    "sampleCount" : 50,
    "errorCount" : 0,
    "errorPct" : 0.0,
    "meanResTime" : 275.82,
    "medianResTime" : 275.5,
    "minResTime" : 253.0,
    "maxResTime" : 300.0,
    "pct1ResTime" : 296.9,
    "pct2ResTime" : 299.45,
    "pct3ResTime" : 300.0,
    "throughput" : 161.81229773462783,
    "receivedKBytesPerSec" : 148.8546723300971,
    "sentKBytesPerSec" : 74.26931634304208
  }
}